Index;Origin;Destination;length;slices;cost;lineAmps;noiseC;noiseL;noiseS;dispC;dispL;dispS
1;1;2;250;100;100;4;9.554809947744086e-07;1.1459617350188612e-06;1.7743187550557156e-06;17;20.0;12.5
2;1;3;250;100;100;4;9.554809947744086e-07;1.1459617350188612e-06;1.7743187550557156e-06;17;20.0;12.5
3;2;3;250;100;100;4;9.554809947744086e-07;1.1459617350188612e-06;1.7743187550557156e-06;17;20.0;12.5
4;2;4;500;100;100;7;1.6189484845367258e-06;2.1199421600461424e-06;3.279844428933368e-06;17;20.0;12.5
5;3;4;560;100;100;7;2.0841865633358125e-06;2.912983595738446e-06;4.4697469188135285e-06;17;20.0;12.5
6;3;5;500;100;100;7;1.6189484845367258e-06;2.1199421600461424e-06;3.279844428933368e-06;17;20.0;12.5
7;4;5;250;100;100;4;9.554809947744086e-07;1.1459617350188612e-06;1.7743187550557156e-06;17;20.0;12.5
8;4;6;250;100;100;4;9.554809947744086e-07;1.1459617350188612e-06;1.7743187550557156e-06;17;20.0;12.5
9;5;6;250;100;100;4;9.554809947744086e-07;1.1459617350188612e-06;1.7743187550557156e-06;17;20.0;12.5
