index;origin;destination;slotsC;max_cdC;osnr_limitC;TranpCId;slotsL;max_cdL;osnr_limitL;TranspLId;Gbits/s;pchC;pchL;pchS
1;1;17;6;20000;24;7;0;0;0;0;400;0.00075;0.00075;0.00075
2;2;17;6;20000;24;7;0;0;0;0;400;0.00075;0.00075;0.00075
3;1;16;6;20000;24;7;0;0;0;0;400;0.00075;0.00075;0.00075